0.02352,0.04704,0.07056,0.09408,0.1176,0.16114,0.20468,0.24822,0.29176,0.3353,0.37784,0.42038,0.46292,0.50546,0.548,0.58646,0.62492,0.66338,0.70184,0.7403,0.76804,0.79578,0.82352,0.85126,0.879,0.89726,0.91552,0.93378,0.95204,0.9703,0.97624,0.98218,0.98812,0.99406,1
0.02352,0.04704,0.07056,0.09408,0.1176,0.16114,0.20468,0.24822,0.29176,0.3353,0.37784,0.42038,0.46292,0.50546,0.548,0.58646,0.62492,0.66338,0.70184,0.7403,0.76804,0.79578,0.82352,0.85126,0.879,0.89726,0.91552,0.93378,0.95204,0.9703,0.97624,0.98218,0.98812,0.99406,1
0.02352,0.04704,0.07056,0.09408,0.1176,0.16114,0.20468,0.24822,0.29176,0.3353,0.37784,0.42038,0.46292,0.50546,0.548,0.58646,0.62492,0.66338,0.70184,0.7403,0.76804,0.79578,0.82352,0.85126,0.879,0.89726,0.91552,0.93378,0.95204,0.9703,0.97624,0.98218,0.98812,0.99406,1
0.02352,0.04704,0.07056,0.09408,0.1176,0.16114,0.20468,0.24822,0.29176,0.3353,0.37784,0.42038,0.46292,0.50546,0.548,0.58646,0.62492,0.66338,0.70184,0.7403,0.76804,0.79578,0.82352,0.85126,0.879,0.89726,0.91552,0.93378,0.95204,0.9703,0.97624,0.98218,0.98812,0.99406,1
0.02352,0.04704,0.07056,0.09408,0.1176,0.16114,0.20468,0.24822,0.29176,0.3353,0.37784,0.42038,0.46292,0.50546,0.548,0.58646,0.62492,0.66338,0.70184,0.7403,0.76804,0.79578,0.82352,0.85126,0.879,0.89726,0.91552,0.93378,0.95204,0.9703,0.97624,0.98218,0.98812,0.99406,1
0.02352,0.04704,0.07056,0.09408,0.1176,0.16114,0.20468,0.24822,0.29176,0.3353,0.37784,0.42038,0.46292,0.50546,0.548,0.58646,0.62492,0.66338,0.70184,0.7403,0.76804,0.79578,0.82352,0.85126,0.879,0.89726,0.91552,0.93378,0.95204,0.9703,0.97624,0.98218,0.98812,0.99406,1
0.02352,0.04704,0.07056,0.09408,0.1176,0.16114,0.20468,0.24822,0.29176,0.3353,0.37784,0.42038,0.46292,0.50546,0.548,0.58646,0.62492,0.66338,0.70184,0.7403,0.76804,0.79578,0.82352,0.85126,0.879,0.89726,0.91552,0.93378,0.95204,0.9703,0.97624,0.98218,0.98812,0.99406,1
0.02352,0.04704,0.07056,0.09408,0.1176,0.16114,0.20468,0.24822,0.29176,0.3353,0.37784,0.42038,0.46292,0.50546,0.548,0.58646,0.62492,0.66338,0.70184,0.7403,0.76804,0.79578,0.82352,0.85126,0.879,0.89726,0.91552,0.93378,0.95204,0.9703,0.97624,0.98218,0.98812,0.99406,1
0.02352,0.04704,0.07056,0.09408,0.1176,0.16114,0.20468,0.24822,0.29176,0.3353,0.37784,0.42038,0.46292,0.50546,0.548,0.58646,0.62492,0.66338,0.70184,0.7403,0.76804,0.79578,0.82352,0.85126,0.879,0.89726,0.91552,0.93378,0.95204,0.9703,0.97624,0.98218,0.98812,0.99406,1
0.02352,0.04704,0.07056,0.09408,0.1176,0.16114,0.20468,0.24822,0.29176,0.3353,0.37784,0.42038,0.46292,0.50546,0.548,0.58646,0.62492,0.66338,0.70184,0.7403,0.76804,0.79578,0.82352,0.85126,0.879,0.89726,0.91552,0.93378,0.95204,0.9703,0.97624,0.98218,0.98812,0.99406,1
0.02352,0.04704,0.07056,0.09408,0.1176,0.16114,0.20468,0.24822,0.29176,0.3353,0.37784,0.42038,0.46292,0.50546,0.548,0.58646,0.62492,0.66338,0.70184,0.7403,0.76804,0.79578,0.82352,0.85126,0.879,0.89726,0.91552,0.93378,0.95204,0.9703,0.97624,0.98218,0.98812,0.99406,1
0.02352,0.04704,0.07056,0.09408,0.1176,0.16114,0.20468,0.24822,0.29176,0.3353,0.37784,0.42038,0.46292,0.50546,0.548,0.58646,0.62492,0.66338,0.70184,0.7403,0.76804,0.79578,0.82352,0.85126,0.879,0.89726,0.91552,0.93378,0.95204,0.9703,0.97624,0.98218,0.98812,0.99406,1
0.02352,0.04704,0.07056,0.09408,0.1176,0.16114,0.20468,0.24822,0.29176,0.3353,0.37784,0.42038,0.46292,0.50546,0.548,0.58646,0.62492,0.66338,0.70184,0.7403,0.76804,0.79578,0.82352,0.85126,0.879,0.89726,0.91552,0.93378,0.95204,0.9703,0.97624,0.98218,0.98812,0.99406,1
0.02352,0.04704,0.07056,0.09408,0.1176,0.16114,0.20468,0.24822,0.29176,0.3353,0.37784,0.42038,0.46292,0.50546,0.548,0.58646,0.62492,0.66338,0.70184,0.7403,0.76804,0.79578,0.82352,0.85126,0.879,0.89726,0.91552,0.93378,0.95204,0.9703,0.97624,0.98218,0.98812,0.99406,1
0.02352,0.04704,0.07056,0.09408,0.1176,0.16114,0.20468,0.24822,0.29176,0.3353,0.37784,0.42038,0.46292,0.50546,0.548,0.58646,0.62492,0.66338,0.70184,0.7403,0.76804,0.79578,0.82352,0.85126,0.879,0.89726,0.91552,0.93378,0.95204,0.9703,0.97624,0.98218,0.98812,0.99406,1
0.02352,0.04704,0.07056,0.09408,0.1176,0.16114,0.20468,0.24822,0.29176,0.3353,0.37784,0.42038,0.46292,0.50546,0.548,0.58646,0.62492,0.66338,0.70184,0.7403,0.76804,0.79578,0.82352,0.85126,0.879,0.89726,0.91552,0.93378,0.95204,0.9703,0.97624,0.98218,0.98812,0.99406,1
0.02352,0.04704,0.07056,0.09408,0.1176,0.16114,0.20468,0.24822,0.29176,0.3353,0.37784,0.42038,0.46292,0.50546,0.548,0.58646,0.62492,0.66338,0.70184,0.7403,0.76804,0.79578,0.82352,0.85126,0.879,0.89726,0.91552,0.93378,0.95204,0.9703,0.97624,0.98218,0.98812,0.99406,1
0.02352,0.04704,0.07056,0.09408,0.1176,0.16114,0.20468,0.24822,0.29176,0.3353,0.37784,0.42038,0.46292,0.50546,0.548,0.58646,0.62492,0.66338,0.70184,0.7403,0.76804,0.79578,0.82352,0.85126,0.879,0.89726,0.91552,0.93378,0.95204,0.9703,0.97624,0.98218,0.98812,0.99406,1
0.02352,0.04704,0.07056,0.09408,0.1176,0.16114,0.20468,0.24822,0.29176,0.3353,0.37784,0.42038,0.46292,0.50546,0.548,0.58646,0.62492,0.66338,0.70184,0.7403,0.76804,0.79578,0.82352,0.85126,0.879,0.89726,0.91552,0.93378,0.95204,0.9703,0.97624,0.98218,0.98812,0.99406,1
0.02352,0.04704,0.07056,0.09408,0.1176,0.16114,0.20468,0.24822,0.29176,0.3353,0.37784,0.42038,0.46292,0.50546,0.548,0.58646,0.62492,0.66338,0.70184,0.7403,0.76804,0.79578,0.82352,0.85126,0.879,0.89726,0.91552,0.93378,0.95204,0.9703,0.97624,0.98218,0.98812,0.99406,1
0.023515892,0.047031783,0.070547675,0.094063567,0.117579458,0.161111853,0.204644247,0.248176642,0.291709037,0.335241431,0.377774001,0.42030657,0.462839139,0.505371709,0.547904278,0.58635756,0.624810842,0.663264124,0.701717406,0.740170688,0.767905842,0.795640997,0.823376151,0.851111306,0.87884646,0.897103271,0.915360081,0.933616892,0.951873702,0.970130512,0.976069475,0.982008437,0.9879474,0.993886362,1
0.023511785,0.047023569,0.070535354,0.094047139,0.117558924,0.161083715,0.204608507,0.248133299,0.291658091,0.335182883,0.377708024,0.420233166,0.462758307,0.505283448,0.547808589,0.586255156,0.624701722,0.663148288,0.701594855,0.740041421,0.767771732,0.795502042,0.823232353,0.850962664,0.878692974,0.896946596,0.915200218,0.93345384,0.951707462,0.969961084,0.975899009,0.981836935,0.98777486,0.99388743,1
0.023507679,0.047015358,0.070523038,0.094030717,0.117538396,0.161055588,0.20457278,0.248089972,0.291607164,0.335124355,0.377642071,0.420159787,0.462677503,0.505195218,0.547712934,0.586152787,0.62459264,0.663032493,0.701472346,0.739912199,0.767637668,0.795363136,0.823088605,0.850814073,0.878539542,0.896789977,0.915040411,0.933290846,0.95154128,0.969791715,0.975728603,0.981665492,0.987776995,0.993888497,1
0.023503575,0.04700715,0.070510725,0.094014301,0.117517876,0.16102747,0.204537065,0.248046659,0.291556254,0.335065848,0.377576141,0.420086434,0.462596727,0.505107019,0.547617312,0.586050454,0.624483596,0.662916738,0.70134988,0.739783022,0.76750365,0.795224279,0.822944907,0.850665535,0.878386163,0.896633411,0.91488066,0.933127908,0.951375157,0.969622405,0.975558257,0.981668693,0.987779128,0.993889564,1
0.023499473,0.046998945,0.070498418,0.09399789,0.117497363,0.160999362,0.204501362,0.248003362,0.291505361,0.335007361,0.377510234,0.420013106,0.462515979,0.505018851,0.547521724,0.585948157,0.62437459,0.662801024,0.701227457,0.739653891,0.76736968,0.795085469,0.822801259,0.850517048,0.878232838,0.896476901,0.914720964,0.932965028,0.951209091,0.969453154,0.975562523,0.981671892,0.987781262,0.993890631,1
0.023480725,0.04696145,0.070442175,0.0939229,0.117403625,0.16087092,0.204338214,0.247805509,0.291272803,0.334740098,0.377209062,0.419678027,0.462146991,0.504615956,0.54708492,0.585480697,0.623876475,0.662272252,0.70066803,0.739063807,0.766757485,0.794451164,0.822144842,0.84983852,0.877532198,0.895761707,0.913991215,0.932220724,0.950450232,0.969215903,0.975320398,0.981424893,0.987529388,0.993633884,1
0.023462007,0.046924015,0.070386022,0.09384803,0.117310037,0.160742682,0.204175327,0.247607971,0.291040616,0.334473261,0.376908371,0.419343482,0.461778592,0.504213702,0.546648813,0.585013983,0.623379153,0.661744324,0.700109494,0.738474664,0.766146267,0.793817869,0.821489471,0.849161074,0.876832676,0.895047653,0.91326263,0.931477607,0.950228318,0.968979029,0.975078659,0.981178288,0.987277917,0.993638958,1
0.02344332,0.046886639,0.070329959,0.093773279,0.117216598,0.160614648,0.204012698,0.247410749,0.290808799,0.334206849,0.376608159,0.419009469,0.46141078,0.50381209,0.5462134,0.584548012,0.622882624,0.661217236,0.699551848,0.73788646,0.765536022,0.793185583,0.820835145,0.848484706,0.876134268,0.894334736,0.912535205,0.931270981,0.950006757,0.968742534,0.974837304,0.980932075,0.98728805,0.993644025,1
0.023424662,0.046849323,0.070273985,0.093698647,0.117123308,0.160486819,0.203850329,0.24721384,0.29057735,0.333940861,0.376308425,0.418675989,0.461043553,0.503411117,0.545778681,0.584082783,0.622386885,0.660690988,0.69899509,0.737299192,0.764926748,0.792554304,0.82018186,0.847809416,0.875436972,0.893622955,0.912343819,0.931064684,0.949785549,0.968506414,0.974596334,0.980947251,0.987298167,0.993649084,1
0.023406033,0.046812067,0.0702181,0.093624133,0.117030166,0.160359192,0.203688218,0.247017244,0.29034627,0.333675296,0.376009167,0.418343039,0.46067691,0.503010781,0.545344653,0.583618294,0.621891935,0.660165576,0.698439217,0.736712858,0.764318444,0.791924029,0.819529614,0.847135199,0.874740784,0.893446761,0.912152739,0.930858716,0.949564693,0.96827067,0.974616536,0.980962402,0.987308268,0.993654134,1
0.023366298,0.046732596,0.070098894,0.093465191,0.116831489,0.160086957,0.203342425,0.246597894,0.289853362,0.33310883,0.375370833,0.417632836,0.459894839,0.502156842,0.544418845,0.582627511,0.620836176,0.659044842,0.697253507,0.735462173,0.763020893,0.790579614,0.818138334,0.845697055,0.874066325,0.892740546,0.911414767,0.930088988,0.948763209,0.968237754,0.974572847,0.980907939,0.987243032,0.993578125,1
0.023326697,0.046653394,0.069980091,0.093306789,0.116633486,0.159815645,0.202997805,0.246179965,0.289362124,0.332544284,0.374734662,0.41692504,0.459115419,0.501305797,0.543496175,0.581640085,0.619783996,0.657927906,0.696071817,0.734215727,0.761727741,0.789239756,0.81675177,0.845072962,0.873394153,0.892036725,0.910679297,0.92932187,0.948763409,0.968204949,0.974529305,0.980853661,0.987178017,0.993589009,1
0.02328723,0.046574461,0.069861691,0.093148922,0.116436152,0.159545251,0.202654351,0.24576345,0.288872549,0.331981648,0.374100644,0.41621964,0.458338636,0.500457632,0.542576627,0.580656002,0.618735376,0.65681475,0.694894124,0.732973499,0.760438965,0.787904432,0.816177706,0.84445098,0.872724255,0.891335285,0.909946316,0.929354962,0.948763608,0.968172255,0.974485911,0.980799567,0.987199711,0.993599856,1
0.023247897,0.046495794,0.069743691,0.092991588,0.116239485,0.159275771,0.202312056,0.245348342,0.288384628,0.331420913,0.373468768,0.415516622,0.457564477,0.499612332,0.541660186,0.579675242,0.617690298,0.655705355,0.693720411,0.731735467,0.759154543,0.787380062,0.815605581,0.8438311,0.87205662,0.890636215,0.910012079,0.929387943,0.948763807,0.968139671,0.974442663,0.980831997,0.987221332,0.993610666,1
0.023208696,0.046417393,0.069626089,0.092834785,0.116043481,0.159007199,0.201970917,0.244934634,0.287898352,0.330862069,0.372839022,0.414815976,0.456792929,0.498769882,0.540746835,0.57869779,0.616648745,0.6545997,0.692550655,0.73050161,0.758679535,0.78685746,0.815035386,0.843213311,0.871391236,0.890734428,0.910077621,0.929420813,0.948764005,0.968107197,0.974485758,0.980864318,0.987242879,0.993621439,1
0.023148769,0.046297537,0.069446306,0.092595075,0.115743843,0.158596623,0.201449403,0.244302183,0.287154963,0.330007743,0.371876307,0.413744871,0.455613435,0.497481998,0.539350562,0.577203523,0.615056484,0.652909445,0.690762406,0.729728689,0.757833856,0.785939022,0.814044188,0.842149355,0.871459028,0.890752274,0.91004552,0.929338766,0.948632012,0.968189548,0.974551639,0.980913729,0.987275819,0.99363791,1
0.02308915,0.046178299,0.069267449,0.092356599,0.115445748,0.158188162,0.200930576,0.24367299,0.286415404,0.329157818,0.370918551,0.412679283,0.454440016,0.496200748,0.537961481,0.575716952,0.613472424,0.651227896,0.690093823,0.72895975,0.756992532,0.785025314,0.813058097,0.842292284,0.871526471,0.890770028,0.910013585,0.929257141,0.948764308,0.968271475,0.97461718,0.980962885,0.98730859,0.993654295,1
0.023029837,0.046059674,0.069089511,0.092119348,0.115149185,0.1577818,0.200414415,0.24304703,0.285679645,0.32831226,0.369965715,0.41161917,0.453272625,0.494926081,0.536579536,0.574238019,0.611896503,0.650662589,0.689428675,0.728194761,0.756155531,0.784116301,0.81327539,0.842434479,0.871593568,0.890787691,0.909981814,0.929438869,0.948895925,0.968352981,0.974682385,0.981011789,0.987341193,0.993670596,1
0.022970828,0.045941657,0.068912485,0.091883313,0.114854142,0.15737752,0.199900899,0.242424277,0.284947656,0.327471034,0.369017762,0.41056449,0.452111218,0.493657945,0.535204673,0.572766665,0.611433422,0.650100179,0.688766935,0.727433692,0.755322819,0.784407194,0.81349157,0.842575945,0.871660321,0.890805263,0.910212465,0.929619666,0.949026868,0.96843407,0.974747256,0.981060442,0.987373628,0.993686814,1
0.022912121,0.045824242,0.068736364,0.091648485,0.114560606,0.156975307,0.199390007,0.241804708,0.284219408,0.326634109,0.368074655,0.4095152,0.450955746,0.492396292,0.533836838,0.572404773,0.610972708,0.649540643,0.688108578,0.726676513,0.755686557,0.784696601,0.813706645,0.842716689,0.871726732,0.891084335,0.910441937,0.929799539,0.949157141,0.968514743,0.974811795,0.981108846,0.987405897,0.993702949,1
0.022839399,0.045678799,0.068518198,0.091357597,0.114196997,0.156477075,0.198757154,0.241037232,0.283317311,0.325597389,0.366906405,0.408215421,0.449524436,0.490833452,0.533357439,0.571802961,0.610248484,0.648694006,0.687139529,0.727232716,0.756150684,0.785068651,0.813986619,0.842904586,0.87221869,0.891514852,0.910811015,0.930107177,0.949403339,0.968699501,0.974976566,0.981253631,0.987530696,0.99380776,1
0.022767138,0.045534275,0.068301413,0.091068551,0.113835688,0.155981997,0.198128305,0.240274613,0.282420922,0.32456723,0.365745548,0.406923866,0.448102183,0.490491628,0.532881073,0.571204957,0.609528842,0.647852727,0.687819063,0.7277854,0.756611874,0.785438347,0.814264821,0.843486178,0.872707535,0.891942646,0.911177757,0.930412868,0.949647979,0.96888309,0.975140295,0.981397499,0.987654704,0.993827352,1
0.022695332,0.045390663,0.068085995,0.090781327,0.113476659,0.155490041,0.197503423,0.239516805,0.281530187,0.323543569,0.364592013,0.405640457,0.447896209,0.490151961,0.532407712,0.570610726,0.60881374,0.648654026,0.688494311,0.728334597,0.757070154,0.785805712,0.814934906,0.844064101,0.873193296,0.892367741,0.911542186,0.930716631,0.949891076,0.96906552,0.97530299,0.98154046,0.98769364,0.99384682,1
0.022623977,0.045247955,0.067871932,0.09049591,0.113119887,0.155001178,0.19688247,0.238763761,0.280645053,0.322526344,0.363445732,0.405568631,0.44769153,0.489814429,0.531937328,0.570020231,0.609735259,0.649450286,0.689165314,0.728880341,0.757525553,0.786563166,0.815600778,0.844638391,0.873676003,0.892790163,0.911904323,0.931018484,0.950132644,0.969246804,0.975464663,0.981598497,0.987732332,0.993866166,1
0.02255307,0.045106141,0.067659211,0.090212281,0.112765351,0.15451538,0.196265409,0.238015438,0.279765467,0.321515496,0.363506375,0.405497254,0.447488134,0.489479013,0.531469892,0.571060447,0.610651001,0.650241555,0.68983211,0.729422664,0.758369268,0.787315872,0.816262476,0.84520908,0.874155684,0.893209937,0.912264191,0.931318444,0.950372698,0.969426951,0.975541561,0.981656171,0.98777078,0.99388539,1
0.022489112,0.044978225,0.067467337,0.089956449,0.112445562,0.154077192,0.195708823,0.237340453,0.278972084,0.321828174,0.363699972,0.40557177,0.447443568,0.489315366,0.532981669,0.572459949,0.611938229,0.651416509,0.690894789,0.730913868,0.759778382,0.788642897,0.817507412,0.846371926,0.875236441,0.894236659,0.913236876,0.932237094,0.951237312,0.96998077,0.976078039,0.982175309,0.988272578,0.994369848,1
0.022425516,0.044851032,0.067276548,0.089702064,0.11212758,0.153641482,0.195155384,0.236669286,0.279404185,0.322139084,0.363892474,0.405645864,0.447399254,0.490942075,0.534484896,0.573851536,0.613218177,0.652584818,0.692490728,0.732396637,0.761179527,0.789962417,0.818745306,0.847528196,0.876311086,0.895257573,0.914204061,0.933150548,0.951841002,0.970531456,0.976611483,0.982691511,0.988771538,0.994385769,1
0.022362279,0.044724557,0.067086836,0.089449114,0.111811393,0.15320823,0.194605067,0.237219458,0.279833849,0.32244824,0.36408389,0.40571954,0.449139575,0.49255961,0.535979644,0.575235275,0.614490906,0.654284286,0.694077665,0.733871044,0.762572769,0.791274494,0.819976219,0.848677944,0.877379669,0.89627273,0.91516579,0.933803539,0.952441288,0.971079037,0.977141919,0.983204801,0.988803201,0.9944016,1
0.022299397,0.044598793,0.06689819,0.089197586,0.111496983,0.152777414,0.195271975,0.237766536,0.280261097,0.322755658,0.364274229,0.407572169,0.450870108,0.494168047,0.537465987,0.576611232,0.616292714,0.655974196,0.695655678,0.73533716,0.763958176,0.792579193,0.82120021,0.849821227,0.878442243,0.897282177,0.915867518,0.934452858,0.953038198,0.971623538,0.977669372,0.983252029,0.988834686,0.994417343,1
0.022236867,0.044473735,0.066710602,0.088947469,0.111184337,0.15355974,0.195935142,0.238310545,0.280685948,0.323061351,0.36623788,0.409414408,0.452590937,0.495767465,0.538943994,0.578514205,0.618084417,0.657654629,0.697224841,0.736795053,0.765335814,0.793876575,0.822417336,0.850958097,0.879498859,0.898032084,0.916565309,0.935098535,0.95363176,0.972164986,0.977731989,0.983298991,0.988865994,0.994432997,1
0.022286483,0.044572965,0.066859448,0.08914593,0.112087897,0.154557849,0.1970278,0.239497752,0.281967703,0.326257795,0.36953066,0.412803524,0.456076389,0.499349253,0.543214896,0.582873398,0.622531899,0.6621904,0.701848902,0.741507403,0.770111845,0.798716287,0.827320728,0.85592517,0.884143065,0.902717642,0.921292219,0.939866796,0.958441373,0.97300027,0.978579694,0.984159118,0.989738542,0.995317966,1
0.02233632,0.044672639,0.067008959,0.090002229,0.112995499,0.155560422,0.198125345,0.240690267,0.285079401,0.329468535,0.372838166,0.416207797,0.459577429,0.503541165,0.547504901,0.587252086,0.626999272,0.666746458,0.706493644,0.746240829,0.774909236,0.803577643,0.83224605,0.860527046,0.888808043,0.907424156,0.92604027,0.944656383,0.959247836,0.97383929,0.97943119,0.985023091,0.990614992,0.995307496,1
0.02238638,0.04477276,0.067817563,0.090862366,0.113907169,0.156567489,0.199227809,0.243716428,0.288205047,0.332693666,0.376160498,0.41962733,0.463689598,0.507751866,0.551814134,0.591650402,0.63148667,0.671322937,0.711159205,0.750995473,0.779728132,0.808460791,0.836805171,0.86514955,0.89349393,0.912151766,0.930809603,0.945433759,0.960057914,0.97468207,0.980286504,0.985890937,0.990593958,0.995296979,1
0.022436665,0.045533233,0.0686298,0.091726367,0.114822935,0.15757908,0.202167632,0.246756184,0.291344735,0.335933287,0.379497756,0.423658999,0.467820242,0.511981485,0.556142727,0.596068477,0.635994227,0.675919977,0.715845727,0.755771476,0.784568676,0.812976724,0.841384773,0.869792821,0.898200869,0.916900616,0.931557621,0.946214626,0.960871632,0.975528637,0.981145659,0.985859244,0.99057283,0.995286415,1
0.023148565,0.046297129,0.069445694,0.092594259,0.115742824,0.160431758,0.205120692,0.249809626,0.29449856,0.339187494,0.383448158,0.427708821,0.471969484,0.516230147,0.56049081,0.600506445,0.64052208,0.680537715,0.72055335,0.760568985,0.789040988,0.817512992,0.845984995,0.874456999,0.902929002,0.917619005,0.932309007,0.94699901,0.961689013,0.976379016,0.981103212,0.985827409,0.990551606,0.995275803,1
0.023231695,0.046463389,0.069695084,0.092926779,0.117154117,0.162003536,0.206852955,0.251702374,0.296551792,0.342015587,0.386435196,0.430854806,0.475274416,0.519694026,0.564113635,0.604272972,0.644432309,0.684591646,0.724750983,0.764367626,0.792941877,0.821516128,0.850090378,0.878664629,0.90674261,0.921485367,0.936228123,0.95097088,0.965713637,0.978085389,0.982826551,0.987567713,0.992308875,0.997050038,1
0.023315424,0.046630848,0.069946271,0.094260928,0.118575584,0.163586644,0.208597704,0.253608764,0.299236414,0.344864064,0.389443766,0.434023468,0.47860317,0.523182873,0.567762575,0.608066649,0.648370724,0.688674799,0.728434224,0.768193649,0.796870884,0.825548119,0.854225354,0.882404531,0.910583707,0.925379598,0.940175489,0.95497138,0.967387721,0.979804062,0.984562312,0.989320562,0.994078811,0.997039406,1
0.023399759,0.046799517,0.071202123,0.095604728,0.120007334,0.165181205,0.210355075,0.256147766,0.301940457,0.347733148,0.392474101,0.437215054,0.481956006,0.526696959,0.571437911,0.611887771,0.652337631,0.692240871,0.732144111,0.772047351,0.800828315,0.829609279,0.857890383,0.886171487,0.914452591,0.929302001,0.944151411,0.956612663,0.969073916,0.981535169,0.98631063,0.99108609,0.994057394,0.997028697,1
0.023484706,0.047975899,0.072467092,0.096958286,0.121449479,0.166787342,0.212746273,0.258705203,0.304664133,0.350623064,0.395526437,0.440429811,0.485333185,0.530236559,0.575139933,0.615736636,0.655784735,0.695832834,0.735880933,0.775929032,0.804814479,0.833198251,0.861582022,0.889965794,0.918349566,0.933252883,0.945759373,0.958265863,0.970772354,0.983278844,0.988071641,0.991053731,0.99403582,0.99701791,1
0.024580427,0.049160853,0.07374128,0.098321706,0.122902133,0.169028514,0.215154895,0.261281276,0.307407657,0.353534038,0.398601016,0.443667995,0.488734973,0.533801952,0.57886893,0.619062944,0.659256958,0.699450972,0.739644986,0.779838999,0.808326187,0.836813375,0.865300562,0.89378775,0.922274938,0.934826995,0.947379053,0.95993111,0.972483168,0.985035225,0.98802818,0.991021135,0.99401409,0.997007045,1
0.024826475,0.049652949,0.074479424,0.099305898,0.124472461,0.171060563,0.217648666,0.264236768,0.31082487,0.357412972,0.402931067,0.448449162,0.493967257,0.539485353,0.584388338,0.624984691,0.665581043,0.706177396,0.746773748,0.785741088,0.81451343,0.843285772,0.872058114,0.900830456,0.924975307,0.937653009,0.950330712,0.963008414,0.975686117,0.985224072,0.988246986,0.9912699,0.994292814,0.997315729,1
0.025077498,0.050154996,0.075232494,0.10065352,0.126074545,0.173133706,0.220192866,0.267252026,0.314311187,0.361370347,0.407348681,0.453327016,0.49930535,0.544662356,0.590019361,0.631026189,0.672033016,0.713039843,0.752401186,0.791762529,0.820825792,0.849889055,0.878952317,0.9033413,0.927730283,0.940536171,0.95334206,0.966147948,0.975782343,0.985416737,0.988470217,0.991523696,0.994577175,0.997288588,1
0.02533365,0.0506673,0.076347986,0.102028672,0.127709358,0.1752492,0.222789042,0.270328883,0.317868725,0.365408567,0.411856542,0.458304518,0.504124819,0.549945119,0.595765419,0.637191107,0.678616795,0.71838019,0.758143586,0.797906982,0.827267108,0.856627235,0.881265337,0.905903439,0.93054154,0.943478233,0.956414926,0.96614773,0.975880535,0.985613339,0.988698007,0.991782676,0.994521784,0.997260892,1
0.025595088,0.051540795,0.077486501,0.103432207,0.129377913,0.177408357,0.225438801,0.273469245,0.321499689,0.369530134,0.416457444,0.462750601,0.509043759,0.555336916,0.601630074,0.643483267,0.683657014,0.72383076,0.764004507,0.804178253,0.833841371,0.858733734,0.883626096,0.908518459,0.933410821,0.946481018,0.956314263,0.966147508,0.975980753,0.985813998,0.9889305,0.991697875,0.99446525,0.997232625,1
0.026216253,0.052432506,0.078648759,0.104865012,0.131081265,0.179612543,0.228143821,0.276675099,0.325206377,0.373737655,0.420513531,0.467289407,0.514065283,0.560841159,0.607617035,0.64820969,0.688802346,0.729395001,0.769987656,0.810580311,0.835732237,0.860884163,0.886036089,0.911188014,0.93633994,0.94627572,0.956211501,0.966147281,0.976083062,0.986018842,0.988815074,0.991611305,0.994407537,0.997203768,1
0.026613121,0.053226241,0.079839362,0.106452483,0.133065604,0.182331559,0.231597515,0.280863471,0.330129426,0.378729626,0.426213606,0.473697586,0.521181566,0.568665546,0.615191106,0.656398262,0.697605419,0.738812575,0.780019731,0.814599448,0.84013213,0.865664811,0.891197493,0.916730174,0.937982536,0.948068726,0.958154917,0.968241107,0.978327298,0.986110865,0.988949426,0.991787988,0.99462655,0.997465111,1
0.027022189,0.054044378,0.081066567,0.108088756,0.135110944,0.185134163,0.235157382,0.285180601,0.33452783,0.383875059,0.432088911,0.480302764,0.528516616,0.575757317,0.622998018,0.664838566,0.706679114,0.748519662,0.783630902,0.818742141,0.844667283,0.870592425,0.896517568,0.918096598,0.939675628,0.949916852,0.960158077,0.970399301,0.978302509,0.986205717,0.98908791,0.991970102,0.994852295,0.997426148,1
0.027444029,0.054888058,0.082332086,0.109776115,0.137220144,0.188024269,0.238828394,0.288945976,0.339063559,0.389181142,0.438147654,0.487114167,0.535092336,0.583070506,0.631048675,0.673542391,0.716036106,0.751695463,0.787354819,0.823014176,0.849344032,0.875673888,0.897589786,0.919505683,0.941421581,0.95182268,0.962223779,0.970250362,0.978276946,0.98630353,0.989230716,0.992157903,0.994771935,0.997385968,1
0.027879248,0.055758496,0.083637745,0.111516993,0.139396241,0.19100604,0.241918409,0.292830778,0.343743147,0.394655516,0.444398561,0.49313759,0.541876618,0.590615646,0.639354674,0.682522274,0.718747132,0.75497199,0.791196848,0.827421706,0.854169113,0.876432562,0.898696011,0.920959461,0.94322291,0.953788954,0.961942827,0.9700967,0.978250573,0.986404445,0.989378053,0.992033539,0.994689026,0.997344513,1
0.028328494,0.056656988,0.084985482,0.113313975,0.141642469,0.193375239,0.245108009,0.296840779,0.348573549,0.400306319,0.449830727,0.499355135,0.548879543,0.598403951,0.647928358,0.684736943,0.721545528,0.758354113,0.795162697,0.831971282,0.854593484,0.877215686,0.899837889,0.922460091,0.945082293,0.953367557,0.961652821,0.969938085,0.978223349,0.986508613,0.989206891,0.991905168,0.994603445,0.997301723,1
0.028946961,0.057893921,0.086840882,0.115787842,0.144343627,0.197205825,0.250068023,0.302930221,0.355792419,0.405971941,0.456577563,0.507183186,0.557788809,0.608394432,0.650861051,0.688473239,0.726085428,0.763697616,0.801309805,0.832142123,0.855258212,0.878374301,0.901490391,0.92460648,0.943774062,0.952240209,0.960706357,0.969172505,0.977638653,0.986578967,0.989336153,0.992093339,0.994850525,0.997607711,1
0.029593035,0.059186069,0.088779104,0.117972232,0.147165361,0.201207403,0.255249445,0.309291486,0.360590977,0.411890467,0.463625568,0.51536067,0.567095772,0.610510213,0.653924654,0.692376318,0.730827982,0.769279646,0.800800118,0.83232059,0.855952613,0.879584635,0.903216658,0.922812046,0.942407433,0.951062539,0.959717645,0.96837275,0.977512606,0.986652461,0.989471186,0.99228991,0.995108634,0.997554317,1
0.030268607,0.060537214,0.090396785,0.120256357,0.150115928,0.205391683,0.260667437,0.313138031,0.365608624,0.418079218,0.470995368,0.523911518,0.568317057,0.612722596,0.657128134,0.696457602,0.735787069,0.768027115,0.80026716,0.832507205,0.856678717,0.88085023,0.900892956,0.920935682,0.940978408,0.949831099,0.95868379,0.968032297,0.977380804,0.986729311,0.989612383,0.992495456,0.99499697,0.997498485,1
0.030975744,0.061532898,0.092090051,0.122647205,0.153204358,0.209771469,0.263467885,0.317164301,0.370860717,0.424557133,0.478709515,0.52415246,0.569595405,0.615038349,0.660481294,0.70072958,0.73372282,0.76671606,0.7997093,0.83270254,0.857438749,0.877949715,0.898460681,0.918971647,0.939482613,0.948542121,0.958109029,0.967675936,0.977242844,0.986809752,0.989760179,0.992320134,0.994880089,0.997440045,1
0.031288109,0.062576218,0.093864326,0.125152435,0.156440544,0.211421428,0.266402312,0.321383196,0.37636408,0.431344964,0.477874947,0.524404929,0.570934911,0.617464893,0.663994876,0.697777344,0.731559813,0.765342282,0.799124751,0.83290722,0.853908827,0.874910434,0.895912041,0.916913649,0.937915256,0.947711013,0.95750677,0.967302527,0.977098284,0.986894041,0.989515233,0.992136424,0.994757616,0.997378808,1
0.032456962,0.064913925,0.097370887,0.129827849,0.154216885,0.211251732,0.268286578,0.325321425,0.382356272,0.430218268,0.478486506,0.526754744,0.575022982,0.62329122,0.662828956,0.697873462,0.732917968,0.767962474,0.80300698,0.831319487,0.853105667,0.874891847,0.896678027,0.918464207,0.9377481,0.947909804,0.958071509,0.968233213,0.978394918,0.987409165,0.990128279,0.992847393,0.995566506,0.99828562,1
0.033716536,0.067433073,0.101149609,0.126485123,0.151820637,0.211068865,0.270317092,0.32956532,0.379284721,0.429004123,0.479145532,0.52928694,0.579428349,0.620500446,0.661572543,0.697977039,0.734381536,0.770786032,0.800197277,0.829608522,0.852240169,0.874871817,0.897503465,0.917535717,0.93756797,0.948124025,0.95868008,0.969236135,0.978600203,0.987964271,0.990788907,0.993613543,0.996438178,0.998219089,1
0.03507782,0.070155639,0.096514058,0.122872477,0.149230895,0.210871231,0.272511567,0.324238357,0.375965148,0.427691938,0.479857773,0.532023608,0.574753964,0.61748432,0.660214676,0.69808898,0.735963284,0.766561989,0.797160694,0.827759399,0.851304784,0.87485017,0.895691212,0.916532253,0.937373295,0.948355543,0.959337792,0.969079928,0.978822065,0.988564201,0.99150288,0.994441558,0.996294372,0.998147186,1
0.036553649,0.064021046,0.091488443,0.11895584,0.146423237,0.210656968,0.26456006,0.318463153,0.372366245,0.426269337,0.480629947,0.525158098,0.569686249,0.6142144,0.658742551,0.698210341,0.730096426,0.76198251,0.793868595,0.825754679,0.85029069,0.872008577,0.893726464,0.915444351,0.937162238,0.948606543,0.958758561,0.968910578,0.979062595,0.989214613,0.99227693,0.994207698,0.996138465,0.998069233,1
0.02867379,0.057347579,0.086021369,0.114695159,0.143368949,0.199639513,0.255910078,0.312180643,0.368451208,0.424721773,0.471205641,0.517689508,0.564173376,0.610657243,0.657141111,0.690427661,0.723714211,0.757000761,0.790287311,0.823573861,0.846245618,0.868917374,0.89158913,0.914260886,0.936932642,0.947530545,0.958128448,0.968726351,0.979324254,0.989922158,0.991937726,0.993953295,0.995968863,0.997984432,1
0.029291429,0.058582859,0.087874288,0.117165717,0.141746161,0.199228806,0.256711451,0.314194096,0.371676741,0.422347642,0.469832782,0.517317922,0.564803062,0.612288201,0.654949974,0.688953523,0.722957073,0.756960622,0.790964172,0.823656138,0.846816248,0.869976359,0.893136469,0.91629658,0.937728043,0.948554227,0.959380411,0.970206595,0.98103278,0.989705079,0.991764063,0.993823047,0.995882031,0.997941016,1
0.029936263,0.059872525,0.089808788,0.114930356,0.140051924,0.198800016,0.257548107,0.316296198,0.368082589,0.41986898,0.468399477,0.516929974,0.565460472,0.609061418,0.652662364,0.687414481,0.722166599,0.756918716,0.790330376,0.823742036,0.847412003,0.87108197,0.894751936,0.9166552,0.938558464,0.94962298,0.960687497,0.971752013,0.980615227,0.989478442,0.991582754,0.993687065,0.995791377,0.997895688,1
0.030610127,0.061220253,0.086907306,0.11259436,0.138281413,0.198351921,0.258422429,0.311374529,0.364326629,0.417278729,0.466901646,0.516524562,0.561106963,0.605689364,0.650271765,0.685806151,0.721340537,0.755504292,0.789668047,0.823831802,0.848034579,0.872237355,0.89463366,0.917029966,0.939426271,0.950739849,0.962053427,0.971116152,0.980178877,0.989241602,0.991393282,0.993544961,0.995696641,0.99784832,1
0.031315026,0.057593609,0.083872192,0.110150775,0.136429358,0.197883189,0.252054687,0.306226185,0.360397682,0.41456918,0.465334829,0.510943888,0.556552947,0.602162006,0.647771064,0.684123747,0.719074236,0.754024725,0.788975214,0.823925702,0.848685828,0.871597883,0.894509937,0.917421992,0.940334046,0.951908157,0.961179581,0.970451006,0.97972243,0.988993855,0.991195084,0.993396313,0.995597542,0.997798771,1
0.026897999,0.053795997,0.080693996,0.107591995,0.134489993,0.189938374,0.245386755,0.300835136,0.356283516,0.411731897,0.458416013,0.505100128,0.551784244,0.598468359,0.645152475,0.680926786,0.716701096,0.752475407,0.788249718,0.824024029,0.847476147,0.870928264,0.894380381,0.917832498,0.941284616,0.950774578,0.96026454,0.969754503,0.979244465,0.988734427,0.990987542,0.993240656,0.995493771,0.997746885,1
0.026990226,0.053980452,0.080970678,0.107960904,0.135637434,0.191275935,0.246914436,0.302552937,0.358191438,0.409914789,0.456758974,0.503603159,0.550447344,0.597291529,0.642630731,0.678527704,0.714424677,0.750321651,0.786218624,0.821280215,0.844812745,0.868345274,0.891877803,0.915410333,0.941083294,0.950605795,0.960128296,0.969650798,0.979173299,0.9886958,0.99095664,0.99321748,0.99547832,0.99773916,1
0.027083088,0.054166176,0.081249264,0.109021017,0.13679277,0.1926227,0.248452629,0.304282558,0.356183868,0.408085177,0.455090533,0.502095889,0.549101245,0.59459644,0.640091635,0.676112115,0.712132594,0.748153073,0.783335297,0.818517521,0.842131016,0.86574451,0.889358005,0.915119296,0.940880586,0.95043585,0.959991115,0.969546379,0.979101643,0.988656907,0.990925526,0.993194144,0.995462763,0.997731381,1
0.027176591,0.054353182,0.082220816,0.11008845,0.137956084,0.193978764,0.250001443,0.30208194,0.354162436,0.406242932,0.453410572,0.500578212,0.546230477,0.591882742,0.637535007,0.673679846,0.709824684,0.745128373,0.780432061,0.81573575,0.839430769,0.863125789,0.888976019,0.914826249,0.940676479,0.950264732,0.959852986,0.969441239,0.979029492,0.988617746,0.990894197,0.993170647,0.995447098,0.997723549,1
0.027270742,0.055234921,0.0831991,0.111163279,0.139127458,0.195344224,0.247605148,0.299866073,0.352126998,0.404387923,0.451718971,0.497529394,0.543339818,0.589150241,0.634960665,0.671230724,0.706656719,0.742082714,0.77750871,0.812934705,0.836711814,0.8626516,0.888591386,0.914531172,0.940470958,0.950092429,0.9597139,0.969335371,0.978956842,0.988578313,0.99086265,0.993146988,0.995431325,0.997715663,1
0.028061395,0.056122791,0.084184186,0.112245581,0.140306977,0.192749585,0.245192192,0.2976348,0.350077408,0.402520015,0.448489697,0.494459378,0.54042906,0.586398741,0.632368423,0.667917575,0.703466727,0.73901588,0.774565032,0.810114184,0.836144149,0.862174114,0.888204078,0.914234043,0.940264008,0.949918927,0.959573847,0.969228767,0.978883686,0.988538606,0.990830885,0.993123164,0.995415442,0.997707721,1
0.028023281,0.056046562,0.084069843,0.112093124,0.139890239,0.192261617,0.244632994,0.297004371,0.349375749,0.399485727,0.44539297,0.491300213,0.537207456,0.583114699,0.630654067,0.666154934,0.701655802,0.737156669,0.772657537,0.810372097,0.836366707,0.862361316,0.888355925,0.914350535,0.940345144,0.94998695,0.959628756,0.969270562,0.978912368,0.988554173,0.990843339,0.993132504,0.995421669,0.997710835,1
0.02798527,0.05597054,0.083955809,0.111715221,0.139474632,0.191774972,0.244075313,0.296375653,0.346417661,0.396459669,0.442304643,0.488149617,0.533994591,0.581469476,0.628944361,0.664397075,0.699849789,0.735302503,0.772965907,0.810629311,0.836588661,0.862548011,0.888507361,0.914466711,0.940426061,0.950054788,0.959683516,0.969312243,0.978940971,0.988569699,0.990855759,0.993141819,0.995427879,0.99771394,1
0.027947362,0.055894723,0.083616533,0.111338342,0.139060151,0.191289647,0.243519142,0.293493365,0.343467587,0.39344181,0.439224683,0.485007557,0.532418134,0.579828711,0.627239288,0.662643979,0.698048669,0.735661055,0.773273441,0.810885827,0.836810013,0.862734199,0.888658386,0.914582572,0.940506758,0.950122443,0.959738128,0.969353812,0.978969497,0.988585182,0.990868145,0.993151109,0.995434073,0.997717036,1
0.027909556,0.055593865,0.083278174,0.110962482,0.138646791,0.190805634,0.240712254,0.290618875,0.340525495,0.390432115,0.436153057,0.483499499,0.530845942,0.578192385,0.625538828,0.660895625,0.698457131,0.736018637,0.773580143,0.81114165,0.837030767,0.862919885,0.888809002,0.91469812,0.940587237,0.950189914,0.959792591,0.969395269,0.978997946,0.988600623,0.990880498,0.993160374,0.995440249,0.997720125,1
0.02764691,0.055293819,0.082940729,0.110587639,0.138234548,0.188073749,0.23791295,0.287752151,0.337591352,0.387430553,0.434713034,0.481995516,0.529277998,0.57656048,0.623842962,0.661353725,0.698864489,0.736375253,0.773886017,0.811396781,0.837250925,0.863105068,0.888959211,0.914813355,0.940667498,0.950257203,0.959846908,0.969436613,0.979026318,0.988616023,0.990892818,0.993169614,0.995446409,0.997723205,1
0.027650151,0.055300303,0.082950454,0.110600606,0.137533918,0.187378963,0.237224008,0.287069052,0.336914097,0.387393626,0.434681652,0.481969678,0.529257704,0.57654573,0.623798855,0.661314017,0.69882918,0.736344342,0.773859504,0.811374666,0.837231841,0.863089016,0.888946191,0.914803366,0.940660541,0.950251371,0.9598422,0.969433029,0.979023859,0.988614688,0.99089175,0.993168813,0.995445875,0.997722938,1
0.027653394,0.055306788,0.082960182,0.109896653,0.136833123,0.186684013,0.236534903,0.286385794,0.336871242,0.387356691,0.434650262,0.481943833,0.529237405,0.576496072,0.623754738,0.6612743,0.698793862,0.736313423,0.773832985,0.811352546,0.837212754,0.863072961,0.888933168,0.914793375,0.940653583,0.950245537,0.959837491,0.969429445,0.979021399,0.988613353,0.990890682,0.993168012,0.995445341,0.997722671,1
0.027656637,0.055313274,0.082252904,0.109192534,0.136132164,0.185988901,0.235845638,0.286337007,0.336828377,0.387319747,0.434618865,0.481917983,0.529182192,0.576446402,0.623710611,0.661234573,0.698758535,0.736282497,0.773806459,0.811330421,0.837193662,0.863056902,0.888920142,0.914783382,0.940646622,0.950239701,0.95983278,0.969425859,0.979018938,0.988612017,0.990889614,0.99316721,0.995444807,0.997722403,1
0.027659881,0.054602671,0.081545461,0.108488251,0.135431041,0.185293626,0.235790918,0.28628821,0.336785502,0.387282794,0.43458746,0.481857214,0.529126967,0.576396721,0.623666474,0.661194837,0.698723201,0.736251564,0.773779928,0.811308291,0.837174565,0.863040839,0.888907113,0.914773387,0.94063966,0.950233865,0.959828069,0.969422273,0.979016477,0.988610681,0.990888545,0.993166409,0.995444273,0.997722136,1
0.026945951,0.053891901,0.080837852,0.107783802,0.134729753,0.185232969,0.235736185,0.286239401,0.336742617,0.387245833,0.434521132,0.48179643,0.529071729,0.576347027,0.623622326,0.661155092,0.698687858,0.736220624,0.77375339,0.811286156,0.837155464,0.863024772,0.88889408,0.914763389,0.940632697,0.950228027,0.959823356,0.969418686,0.979014016,0.988609345,0.990887476,0.993165607,0.995443738,0.997721869,1
0.026865003,0.053730005,0.080595008,0.10746001,0.136888569,0.187240069,0.237591569,0.287943069,0.338294569,0.389086601,0.436219881,0.48335316,0.53048644,0.577619719,0.624752998,0.662173013,0.699593027,0.737013041,0.774433055,0.811853069,0.837644663,0.863436258,0.889227853,0.915019447,0.940811042,0.950377546,0.959944051,0.969510555,0.979077059,0.988643564,0.990914851,0.993186138,0.995457426,0.997728713,1
0.026784539,0.053569079,0.080353618,0.109694036,0.139034454,0.189235147,0.239435839,0.289636531,0.340276437,0.390916343,0.437908454,0.484900565,0.531892676,0.578884787,0.625876898,0.663184836,0.700492773,0.737800711,0.775108649,0.812416586,0.838130933,0.863845279,0.889559625,0.915273972,0.940988318,0.95052617,0.960064022,0.969601874,0.979139726,0.988677578,0.990942062,0.993206547,0.995471031,0.997735516,1
0.026704557,0.053409114,0.082661917,0.11191472,0.141167523,0.191218309,0.241269094,0.291757782,0.34224647,0.392735158,0.439586943,0.486438729,0.533290514,0.580142299,0.626994085,0.664190616,0.701387146,0.738583677,0.775780208,0.812976738,0.838614298,0.864251857,0.889889417,0.915526976,0.941164536,0.950673906,0.960183277,0.969692647,0.979202017,0.988711388,0.99096911,0.993226833,0.995484555,0.997742278,1
0.02662505,0.05579076,0.08495647,0.114122181,0.143287891,0.193189662,0.243528032,0.293866402,0.344204772,0.394543142,0.441255437,0.487967733,0.534680029,0.581392324,0.62810462,0.665190407,0.702276194,0.739361981,0.776447768,0.813533555,0.839094785,0.864656014,0.890217244,0.915778474,0.941339704,0.950820763,0.960301821,0.96978288,0.979263938,0.988744997,0.990995998,0.993246998,0.995497999,0.997748999,1
0.029079134,0.058158268,0.087237402,0.116316536,0.14539567,0.195584614,0.245773559,0.295962503,0.346151448,0.396340392,0.442914026,0.48948766,0.536061294,0.582634928,0.629208562,0.666184262,0.703159963,0.740135664,0.777111365,0.814087065,0.839572419,0.865057772,0.890543126,0.916028479,0.941513832,0.950966747,0.960419662,0.969872577,0.979325492,0.988778407,0.991022725,0.993267044,0.995511363,0.997755681,1
0.029109202,0.058218404,0.087327607,0.116436809,0.144511997,0.194752837,0.244993678,0.295234519,0.345475359,0.3957162,0.442337991,0.488959783,0.535581575,0.582203366,0.628825158,0.665839092,0.702853026,0.739866961,0.776880895,0.813894829,0.839406534,0.86491824,0.890429946,0.915941651,0.941453357,0.950916046,0.960378735,0.969841425,0.979304114,0.988766803,0.991013443,0.993260082,0.995506721,0.997753361,1
0.029139333,0.058278665,0.087417998,0.115522246,0.143626495,0.193919339,0.244212183,0.294505027,0.344797871,0.395090715,0.441760764,0.488430813,0.535100862,0.581770912,0.628440961,0.665493207,0.702545454,0.739597701,0.776649948,0.813702194,0.839240307,0.864778419,0.890316531,0.915854644,0.941392756,0.95086524,0.960337724,0.969810208,0.979282692,0.988755176,0.991004141,0.993253106,0.99550207,0.997751035,1
0.029169526,0.058339051,0.08647242,0.114605789,0.142739158,0.193084113,0.243429068,0.293774023,0.344118979,0.394463934,0.441182341,0.487900747,0.534619154,0.581337561,0.628055967,0.665146606,0.702237245,0.739327883,0.776418522,0.813509161,0.839073734,0.864638308,0.890202882,0.915767456,0.94133203,0.950814329,0.960296628,0.969778927,0.979261226,0.988743525,0.99099482,0.993246115,0.99549741,0.997748705,1
0.029199781,0.057362331,0.08552488,0.11368743,0.14184998,0.192247154,0.242644329,0.293041504,0.343438678,0.393835853,0.440602717,0.487369582,0.534136446,0.580903311,0.627670175,0.664799286,0.701928396,0.739057506,0.776186616,0.813315726,0.838906817,0.864497907,0.890088997,0.915680087,0.941271178,0.950763312,0.960255446,0.96974758,0.979239715,0.988731849,0.990985479,0.993239109,0.99549274,0.99774637,1
0.028191791,0.056383582,0.084575373,0.112767164,0.140958955,0.191408458,0.24185796,0.292307463,0.342756965,0.393206468,0.440021891,0.486837313,0.533652736,0.580468159,0.627283582,0.664451244,0.701618905,0.738786567,0.775954229,0.813121891,0.838739552,0.864357214,0.889974876,0.915592537,0.941210199,0.950712189,0.960214179,0.969716169,0.979218159,0.988720149,0.990976119,0.99323209,0.99548806,0.99774403,1
0.028191791,0.056383582,0.084575373,0.112767164,0.140958955,0.191408458,0.24185796,0.292307463,0.342756965,0.393206468,0.440021891,0.486837313,0.533652736,0.580468159,0.627283582,0.664451244,0.701618905,0.738786567,0.775954229,0.813121891,0.838739552,0.864357214,0.889974876,0.915592537,0.941210199,0.950712189,0.960214179,0.969716169,0.979218159,0.988720149,0.990976119,0.99323209,0.99548806,0.99774403,1
0.028191791,0.056383582,0.084575373,0.112767164,0.140958955,0.191408458,0.24185796,0.292307463,0.342756965,0.393206468,0.440021891,0.486837313,0.533652736,0.580468159,0.627283582,0.664451244,0.701618905,0.738786567,0.775954229,0.813121891,0.838739552,0.864357214,0.889974876,0.915592537,0.941210199,0.950712189,0.960214179,0.969716169,0.979218159,0.988720149,0.990976119,0.99323209,0.99548806,0.99774403,1
0.028191791,0.056383582,0.084575373,0.112767164,0.140958955,0.191408458,0.24185796,0.292307463,0.342756965,0.393206468,0.440021891,0.486837313,0.533652736,0.580468159,0.627283582,0.664451244,0.701618905,0.738786567,0.775954229,0.813121891,0.838739552,0.864357214,0.889974876,0.915592537,0.941210199,0.950712189,0.960214179,0.969716169,0.979218159,0.988720149,0.990976119,0.99323209,0.99548806,0.99774403,1
0.028191791,0.056383582,0.084575373,0.112767164,0.140958955,0.191408458,0.24185796,0.292307463,0.342756965,0.393206468,0.440021891,0.486837313,0.533652736,0.580468159,0.627283582,0.664451244,0.701618905,0.738786567,0.775954229,0.813121891,0.838739552,0.864357214,0.889974876,0.915592537,0.941210199,0.950712189,0.960214179,0.969716169,0.979218159,0.988720149,0.990976119,0.99323209,0.99548806,0.99774403,1
0.028191791,0.056383582,0.084575373,0.112767164,0.140958955,0.191408458,0.24185796,0.292307463,0.342756965,0.393206468,0.440021891,0.486837313,0.533652736,0.580468159,0.627283582,0.664451244,0.701618905,0.738786567,0.775954229,0.813121891,0.838739552,0.864357214,0.889974876,0.915592537,0.941210199,0.950712189,0.960214179,0.969716169,0.979218159,0.988720149,0.990976119,0.99323209,0.99548806,0.99774403,1
0.028191791,0.056383582,0.084575373,0.112767164,0.140958955,0.191408458,0.24185796,0.292307463,0.342756965,0.393206468,0.440021891,0.486837313,0.533652736,0.580468159,0.627283582,0.664451244,0.701618905,0.738786567,0.775954229,0.813121891,0.838739552,0.864357214,0.889974876,0.915592537,0.941210199,0.950712189,0.960214179,0.969716169,0.979218159,0.988720149,0.990976119,0.99323209,0.99548806,0.99774403,1
0.028191791,0.056383582,0.084575373,0.112767164,0.140958955,0.191408458,0.24185796,0.292307463,0.342756965,0.393206468,0.440021891,0.486837313,0.533652736,0.580468159,0.627283582,0.664451244,0.701618905,0.738786567,0.775954229,0.813121891,0.838739552,0.864357214,0.889974876,0.915592537,0.941210199,0.950712189,0.960214179,0.969716169,0.979218159,0.988720149,0.990976119,0.99323209,0.99548806,0.99774403,1
0.028191791,0.056383582,0.084575373,0.112767164,0.140958955,0.191408458,0.24185796,0.292307463,0.342756965,0.393206468,0.440021891,0.486837313,0.533652736,0.580468159,0.627283582,0.664451244,0.701618905,0.738786567,0.775954229,0.813121891,0.838739552,0.864357214,0.889974876,0.915592537,0.941210199,0.950712189,0.960214179,0.969716169,0.979218159,0.988720149,0.990976119,0.99323209,0.99548806,0.99774403,1
0.028191791,0.056383582,0.084575373,0.112767164,0.140958955,0.191408458,0.24185796,0.292307463,0.342756965,0.393206468,0.440021891,0.486837313,0.533652736,0.580468159,0.627283582,0.664451244,0.701618905,0.738786567,0.775954229,0.813121891,0.838739552,0.864357214,0.889974876,0.915592537,0.941210199,0.950712189,0.960214179,0.969716169,0.979218159,0.988720149,0.990976119,0.99323209,0.99548806,0.99774403,1
0.028191791,0.056383582,0.084575373,0.112767164,0.140958955,0.191408458,0.24185796,0.292307463,0.342756965,0.393206468,0.440021891,0.486837313,0.533652736,0.580468159,0.627283582,0.664451244,0.701618905,0.738786567,0.775954229,0.813121891,0.838739552,0.864357214,0.889974876,0.915592537,0.941210199,0.950712189,0.960214179,0.969716169,0.979218159,0.988720149,0.990976119,0.99323209,0.99548806,0.99774403,1
0.028191791,0.056383582,0.084575373,0.112767164,0.140958955,0.191408458,0.24185796,0.292307463,0.342756965,0.393206468,0.440021891,0.486837313,0.533652736,0.580468159,0.627283582,0.664451244,0.701618905,0.738786567,0.775954229,0.813121891,0.838739552,0.864357214,0.889974876,0.915592537,0.941210199,0.950712189,0.960214179,0.969716169,0.979218159,0.988720149,0.990976119,0.99323209,0.99548806,0.99774403,1
0.028191791,0.056383582,0.084575373,0.112767164,0.140958955,0.191408458,0.24185796,0.292307463,0.342756965,0.393206468,0.440021891,0.486837313,0.533652736,0.580468159,0.627283582,0.664451244,0.701618905,0.738786567,0.775954229,0.813121891,0.838739552,0.864357214,0.889974876,0.915592537,0.941210199,0.950712189,0.960214179,0.969716169,0.979218159,0.988720149,0.990976119,0.99323209,0.99548806,0.99774403,1
0.028191791,0.056383582,0.084575373,0.112767164,0.140958955,0.191408458,0.24185796,0.292307463,0.342756965,0.393206468,0.440021891,0.486837313,0.533652736,0.580468159,0.627283582,0.664451244,0.701618905,0.738786567,0.775954229,0.813121891,0.838739552,0.864357214,0.889974876,0.915592537,0.941210199,0.950712189,0.960214179,0.969716169,0.979218159,0.988720149,0.990976119,0.99323209,0.99548806,0.99774403,1
0.028191791,0.056383582,0.084575373,0.112767164,0.140958955,0.191408458,0.24185796,0.292307463,0.342756965,0.393206468,0.440021891,0.486837313,0.533652736,0.580468159,0.627283582,0.664451244,0.701618905,0.738786567,0.775954229,0.813121891,0.838739552,0.864357214,0.889974876,0.915592537,0.941210199,0.950712189,0.960214179,0.969716169,0.979218159,0.988720149,0.990976119,0.99323209,0.99548806,0.99774403,1
0.028191791,0.056383582,0.084575373,0.112767164,0.140958955,0.191408458,0.24185796,0.292307463,0.342756965,0.393206468,0.440021891,0.486837313,0.533652736,0.580468159,0.627283582,0.664451244,0.701618905,0.738786567,0.775954229,0.813121891,0.838739552,0.864357214,0.889974876,0.915592537,0.941210199,0.950712189,0.960214179,0.969716169,0.979218159,0.988720149,0.990976119,0.99323209,0.99548806,0.99774403,1
0.028191791,0.056383582,0.084575373,0.112767164,0.140958955,0.191408458,0.24185796,0.292307463,0.342756965,0.393206468,0.440021891,0.486837313,0.533652736,0.580468159,0.627283582,0.664451244,0.701618905,0.738786567,0.775954229,0.813121891,0.838739552,0.864357214,0.889974876,0.915592537,0.941210199,0.950712189,0.960214179,0.969716169,0.979218159,0.988720149,0.990976119,0.99323209,0.99548806,0.99774403,1
0.028191791,0.056383582,0.084575373,0.112767164,0.140958955,0.191408458,0.24185796,0.292307463,0.342756965,0.393206468,0.440021891,0.486837313,0.533652736,0.580468159,0.627283582,0.664451244,0.701618905,0.738786567,0.775954229,0.813121891,0.838739552,0.864357214,0.889974876,0.915592537,0.941210199,0.950712189,0.960214179,0.969716169,0.979218159,0.988720149,0.990976119,0.99323209,0.99548806,0.99774403,1
0.028191791,0.056383582,0.084575373,0.112767164,0.140958955,0.191408458,0.24185796,0.292307463,0.342756965,0.393206468,0.440021891,0.486837313,0.533652736,0.580468159,0.627283582,0.664451244,0.701618905,0.738786567,0.775954229,0.813121891,0.838739552,0.864357214,0.889974876,0.915592537,0.941210199,0.950712189,0.960214179,0.969716169,0.979218159,0.988720149,0.990976119,0.99323209,0.99548806,0.99774403,1
0.028191791,0.056383582,0.084575373,0.112767164,0.140958955,0.191408458,0.24185796,0.292307463,0.342756965,0.393206468,0.440021891,0.486837313,0.533652736,0.580468159,0.627283582,0.664451244,0.701618905,0.738786567,0.775954229,0.813121891,0.838739552,0.864357214,0.889974876,0.915592537,0.941210199,0.950712189,0.960214179,0.969716169,0.979218159,0.988720149,0.990976119,0.99323209,0.99548806,0.99774403,1
0.028191791,0.056383582,0.084575373,0.112767164,0.140958955,0.191408458,0.24185796,0.292307463,0.342756965,0.393206468,0.440021891,0.486837313,0.533652736,0.580468159,0.627283582,0.664451244,0.701618905,0.738786567,0.775954229,0.813121891,0.838739552,0.864357214,0.889974876,0.915592537,0.941210199,0.950712189,0.960214179,0.969716169,0.979218159,0.988720149,0.990976119,0.99323209,0.99548806,0.99774403,1
0.028191791,0.056383582,0.084575373,0.112767164,0.140958955,0.191408458,0.24185796,0.292307463,0.342756965,0.393206468,0.440021891,0.486837313,0.533652736,0.580468159,0.627283582,0.664451244,0.701618905,0.738786567,0.775954229,0.813121891,0.838739552,0.864357214,0.889974876,0.915592537,0.941210199,0.950712189,0.960214179,0.969716169,0.979218159,0.988720149,0.990976119,0.99323209,0.99548806,0.99774403,1
0.028191791,0.056383582,0.084575373,0.112767164,0.140958955,0.191408458,0.24185796,0.292307463,0.342756965,0.393206468,0.440021891,0.486837313,0.533652736,0.580468159,0.627283582,0.664451244,0.701618905,0.738786567,0.775954229,0.813121891,0.838739552,0.864357214,0.889974876,0.915592537,0.941210199,0.950712189,0.960214179,0.969716169,0.979218159,0.988720149,0.990976119,0.99323209,0.99548806,0.99774403,1
0.028191791,0.056383582,0.084575373,0.112767164,0.140958955,0.191408458,0.24185796,0.292307463,0.342756965,0.393206468,0.440021891,0.486837313,0.533652736,0.580468159,0.627283582,0.664451244,0.701618905,0.738786567,0.775954229,0.813121891,0.838739552,0.864357214,0.889974876,0.915592537,0.941210199,0.950712189,0.960214179,0.969716169,0.979218159,0.988720149,0.990976119,0.99323209,0.99548806,0.99774403,1
0.028191791,0.056383582,0.084575373,0.112767164,0.140958955,0.191408458,0.24185796,0.292307463,0.342756965,0.393206468,0.440021891,0.486837313,0.533652736,0.580468159,0.627283582,0.664451244,0.701618905,0.738786567,0.775954229,0.813121891,0.838739552,0.864357214,0.889974876,0.915592537,0.941210199,0.950712189,0.960214179,0.969716169,0.979218159,0.988720149,0.990976119,0.99323209,0.99548806,0.99774403,1
0.028191791,0.056383582,0.084575373,0.112767164,0.140958955,0.191408458,0.24185796,0.292307463,0.342756965,0.393206468,0.440021891,0.486837313,0.533652736,0.580468159,0.627283582,0.664451244,0.701618905,0.738786567,0.775954229,0.813121891,0.838739552,0.864357214,0.889974876,0.915592537,0.941210199,0.950712189,0.960214179,0.969716169,0.979218159,0.988720149,0.990976119,0.99323209,0.99548806,0.99774403,1
0.028191791,0.056383582,0.084575373,0.112767164,0.140958955,0.191408458,0.24185796,0.292307463,0.342756965,0.393206468,0.440021891,0.486837313,0.533652736,0.580468159,0.627283582,0.664451244,0.701618905,0.738786567,0.775954229,0.813121891,0.838739552,0.864357214,0.889974876,0.915592537,0.941210199,0.950712189,0.960214179,0.969716169,0.979218159,0.988720149,0.990976119,0.99323209,0.99548806,0.99774403,1
0.028191791,0.056383582,0.084575373,0.112767164,0.140958955,0.191408458,0.24185796,0.292307463,0.342756965,0.393206468,0.440021891,0.486837313,0.533652736,0.580468159,0.627283582,0.664451244,0.701618905,0.738786567,0.775954229,0.813121891,0.838739552,0.864357214,0.889974876,0.915592537,0.941210199,0.950712189,0.960214179,0.969716169,0.979218159,0.988720149,0.990976119,0.99323209,0.99548806,0.99774403,1
0.028191791,0.056383582,0.084575373,0.112767164,0.140958955,0.191408458,0.24185796,0.292307463,0.342756965,0.393206468,0.440021891,0.486837313,0.533652736,0.580468159,0.627283582,0.664451244,0.701618905,0.738786567,0.775954229,0.813121891,0.838739552,0.864357214,0.889974876,0.915592537,0.941210199,0.950712189,0.960214179,0.969716169,0.979218159,0.988720149,0.990976119,0.99323209,0.99548806,0.99774403,1
0.028191791,0.056383582,0.084575373,0.112767164,0.140958955,0.191408458,0.24185796,0.292307463,0.342756965,0.393206468,0.440021891,0.486837313,0.533652736,0.580468159,0.627283582,0.664451244,0.701618905,0.738786567,0.775954229,0.813121891,0.838739552,0.864357214,0.889974876,0.915592537,0.941210199,0.950712189,0.960214179,0.969716169,0.979218159,0.988720149,0.990976119,0.99323209,0.99548806,0.99774403,1
0.028191791,0.056383582,0.084575373,0.112767164,0.140958955,0.191408458,0.24185796,0.292307463,0.342756965,0.393206468,0.440021891,0.486837313,0.533652736,0.580468159,0.627283582,0.664451244,0.701618905,0.738786567,0.775954229,0.813121891,0.838739552,0.864357214,0.889974876,0.915592537,0.941210199,0.950712189,0.960214179,0.969716169,0.979218159,0.988720149,0.990976119,0.99323209,0.99548806,0.99774403,1
0.028191791,0.056383582,0.084575373,0.112767164,0.140958955,0.191408458,0.24185796,0.292307463,0.342756965,0.393206468,0.440021891,0.486837313,0.533652736,0.580468159,0.627283582,0.664451244,0.701618905,0.738786567,0.775954229,0.813121891,0.838739552,0.864357214,0.889974876,0.915592537,0.941210199,0.950712189,0.960214179,0.969716169,0.979218159,0.988720149,0.990976119,0.99323209,0.99548806,0.99774403,1
0.028191791,0.056383582,0.084575373,0.112767164,0.140958955,0.191408458,0.24185796,0.292307463,0.342756965,0.393206468,0.440021891,0.486837313,0.533652736,0.580468159,0.627283582,0.664451244,0.701618905,0.738786567,0.775954229,0.813121891,0.838739552,0.864357214,0.889974876,0.915592537,0.941210199,0.950712189,0.960214179,0.969716169,0.979218159,0.988720149,0.990976119,0.99323209,0.99548806,0.99774403,1
0.028191791,0.056383582,0.084575373,0.112767164,0.140958955,0.191408458,0.24185796,0.292307463,0.342756965,0.393206468,0.440021891,0.486837313,0.533652736,0.580468159,0.627283582,0.664451244,0.701618905,0.738786567,0.775954229,0.813121891,0.838739552,0.864357214,0.889974876,0.915592537,0.941210199,0.950712189,0.960214179,0.969716169,0.979218159,0.988720149,0.990976119,0.99323209,0.99548806,0.99774403,1
0.028191791,0.056383582,0.084575373,0.112767164,0.140958955,0.191408458,0.24185796,0.292307463,0.342756965,0.393206468,0.440021891,0.486837313,0.533652736,0.580468159,0.627283582,0.664451244,0.701618905,0.738786567,0.775954229,0.813121891,0.838739552,0.864357214,0.889974876,0.915592537,0.941210199,0.950712189,0.960214179,0.969716169,0.979218159,0.988720149,0.990976119,0.99323209,0.99548806,0.99774403,1
0.028191791,0.056383582,0.084575373,0.112767164,0.140958955,0.191408458,0.24185796,0.292307463,0.342756965,0.393206468,0.440021891,0.486837313,0.533652736,0.580468159,0.627283582,0.664451244,0.701618905,0.738786567,0.775954229,0.813121891,0.838739552,0.864357214,0.889974876,0.915592537,0.941210199,0.950712189,0.960214179,0.969716169,0.979218159,0.988720149,0.990976119,0.99323209,0.99548806,0.99774403,1
0.028191791,0.056383582,0.084575373,0.112767164,0.140958955,0.191408458,0.24185796,0.292307463,0.342756965,0.393206468,0.440021891,0.486837313,0.533652736,0.580468159,0.627283582,0.664451244,0.701618905,0.738786567,0.775954229,0.813121891,0.838739552,0.864357214,0.889974876,0.915592537,0.941210199,0.950712189,0.960214179,0.969716169,0.979218159,0.988720149,0.990976119,0.99323209,0.99548806,0.99774403,1
0.028191791,0.056383582,0.084575373,0.112767164,0.140958955,0.191408458,0.24185796,0.292307463,0.342756965,0.393206468,0.440021891,0.486837313,0.533652736,0.580468159,0.627283582,0.664451244,0.701618905,0.738786567,0.775954229,0.813121891,0.838739552,0.864357214,0.889974876,0.915592537,0.941210199,0.950712189,0.960214179,0.969716169,0.979218159,0.988720149,0.990976119,0.99323209,0.99548806,0.99774403,1
0.028191791,0.056383582,0.084575373,0.112767164,0.140958955,0.191408458,0.24185796,0.292307463,0.342756965,0.393206468,0.440021891,0.486837313,0.533652736,0.580468159,0.627283582,0.664451244,0.701618905,0.738786567,0.775954229,0.813121891,0.838739552,0.864357214,0.889974876,0.915592537,0.941210199,0.950712189,0.960214179,0.969716169,0.979218159,0.988720149,0.990976119,0.99323209,0.99548806,0.99774403,1
0.028191791,0.056383582,0.084575373,0.112767164,0.140958955,0.191408458,0.24185796,0.292307463,0.342756965,0.393206468,0.440021891,0.486837313,0.533652736,0.580468159,0.627283582,0.664451244,0.701618905,0.738786567,0.775954229,0.813121891,0.838739552,0.864357214,0.889974876,0.915592537,0.941210199,0.950712189,0.960214179,0.969716169,0.979218159,0.988720149,0.990976119,0.99323209,0.99548806,0.99774403,1
0.028191791,0.056383582,0.084575373,0.112767164,0.140958955,0.191408458,0.24185796,0.292307463,0.342756965,0.393206468,0.440021891,0.486837313,0.533652736,0.580468159,0.627283582,0.664451244,0.701618905,0.738786567,0.775954229,0.813121891,0.838739552,0.864357214,0.889974876,0.915592537,0.941210199,0.950712189,0.960214179,0.969716169,0.979218159,0.988720149,0.990976119,0.99323209,0.99548806,0.99774403,1
0.028191791,0.056383582,0.084575373,0.112767164,0.140958955,0.191408458,0.24185796,0.292307463,0.342756965,0.393206468,0.440021891,0.486837313,0.533652736,0.580468159,0.627283582,0.664451244,0.701618905,0.738786567,0.775954229,0.813121891,0.838739552,0.864357214,0.889974876,0.915592537,0.941210199,0.950712189,0.960214179,0.969716169,0.979218159,0.988720149,0.990976119,0.99323209,0.99548806,0.99774403,1
0.028191791,0.056383582,0.084575373,0.112767164,0.140958955,0.191408458,0.24185796,0.292307463,0.342756965,0.393206468,0.440021891,0.486837313,0.533652736,0.580468159,0.627283582,0.664451244,0.701618905,0.738786567,0.775954229,0.813121891,0.838739552,0.864357214,0.889974876,0.915592537,0.941210199,0.950712189,0.960214179,0.969716169,0.979218159,0.988720149,0.990976119,0.99323209,0.99548806,0.99774403,1
0.028191791,0.056383582,0.084575373,0.112767164,0.140958955,0.191408458,0.24185796,0.292307463,0.342756965,0.393206468,0.440021891,0.486837313,0.533652736,0.580468159,0.627283582,0.664451244,0.701618905,0.738786567,0.775954229,0.813121891,0.838739552,0.864357214,0.889974876,0.915592537,0.941210199,0.950712189,0.960214179,0.969716169,0.979218159,0.988720149,0.990976119,0.99323209,0.99548806,0.99774403,1
0.028191791,0.056383582,0.084575373,0.112767164,0.140958955,0.191408458,0.24185796,0.292307463,0.342756965,0.393206468,0.440021891,0.486837313,0.533652736,0.580468159,0.627283582,0.664451244,0.701618905,0.738786567,0.775954229,0.813121891,0.838739552,0.864357214,0.889974876,0.915592537,0.941210199,0.950712189,0.960214179,0.969716169,0.979218159,0.988720149,0.990976119,0.99323209,0.99548806,0.99774403,1
0.028191791,0.056383582,0.084575373,0.112767164,0.140958955,0.191408458,0.24185796,0.292307463,0.342756965,0.393206468,0.440021891,0.486837313,0.533652736,0.580468159,0.627283582,0.664451244,0.701618905,0.738786567,0.775954229,0.813121891,0.838739552,0.864357214,0.889974876,0.915592537,0.941210199,0.950712189,0.960214179,0.969716169,0.979218159,0.988720149,0.990976119,0.99323209,0.99548806,0.99774403,1
0.028191791,0.056383582,0.084575373,0.112767164,0.140958955,0.191408458,0.24185796,0.292307463,0.342756965,0.393206468,0.440021891,0.486837313,0.533652736,0.580468159,0.627283582,0.664451244,0.701618905,0.738786567,0.775954229,0.813121891,0.838739552,0.864357214,0.889974876,0.915592537,0.941210199,0.950712189,0.960214179,0.969716169,0.979218159,0.988720149,0.990976119,0.99323209,0.99548806,0.99774403,1
0.028191791,0.056383582,0.084575373,0.112767164,0.140958955,0.191408458,0.24185796,0.292307463,0.342756965,0.393206468,0.440021891,0.486837313,0.533652736,0.580468159,0.627283582,0.664451244,0.701618905,0.738786567,0.775954229,0.813121891,0.838739552,0.864357214,0.889974876,0.915592537,0.941210199,0.950712189,0.960214179,0.969716169,0.979218159,0.988720149,0.990976119,0.99323209,0.99548806,0.99774403,1
0.028191791,0.056383582,0.084575373,0.112767164,0.140958955,0.191408458,0.24185796,0.292307463,0.342756965,0.393206468,0.440021891,0.486837313,0.533652736,0.580468159,0.627283582,0.664451244,0.701618905,0.738786567,0.775954229,0.813121891,0.838739552,0.864357214,0.889974876,0.915592537,0.941210199,0.950712189,0.960214179,0.969716169,0.979218159,0.988720149,0.990976119,0.99323209,0.99548806,0.99774403,1
0.028191791,0.056383582,0.084575373,0.112767164,0.140958955,0.191408458,0.24185796,0.292307463,0.342756965,0.393206468,0.440021891,0.486837313,0.533652736,0.580468159,0.627283582,0.664451244,0.701618905,0.738786567,0.775954229,0.813121891,0.838739552,0.864357214,0.889974876,0.915592537,0.941210199,0.950712189,0.960214179,0.969716169,0.979218159,0.988720149,0.990976119,0.99323209,0.99548806,0.99774403,1
0.028191791,0.056383582,0.084575373,0.112767164,0.140958955,0.191408458,0.24185796,0.292307463,0.342756965,0.393206468,0.440021891,0.486837313,0.533652736,0.580468159,0.627283582,0.664451244,0.701618905,0.738786567,0.775954229,0.813121891,0.838739552,0.864357214,0.889974876,0.915592537,0.941210199,0.950712189,0.960214179,0.969716169,0.979218159,0.988720149,0.990976119,0.99323209,0.99548806,0.99774403,1
0.028191791,0.056383582,0.084575373,0.112767164,0.140958955,0.191408458,0.24185796,0.292307463,0.342756965,0.393206468,0.440021891,0.486837313,0.533652736,0.580468159,0.627283582,0.664451244,0.701618905,0.738786567,0.775954229,0.813121891,0.838739552,0.864357214,0.889974876,0.915592537,0.941210199,0.950712189,0.960214179,0.969716169,0.979218159,0.988720149,0.990976119,0.99323209,0.99548806,0.99774403,1
0.028191791,0.056383582,0.084575373,0.112767164,0.140958955,0.191408458,0.24185796,0.292307463,0.342756965,0.393206468,0.440021891,0.486837313,0.533652736,0.580468159,0.627283582,0.664451244,0.701618905,0.738786567,0.775954229,0.813121891,0.838739552,0.864357214,0.889974876,0.915592537,0.941210199,0.950712189,0.960214179,0.969716169,0.979218159,0.988720149,0.990976119,0.99323209,0.99548806,0.99774403,1
0.028191791,0.056383582,0.084575373,0.112767164,0.140958955,0.191408458,0.24185796,0.292307463,0.342756965,0.393206468,0.440021891,0.486837313,0.533652736,0.580468159,0.627283582,0.664451244,0.701618905,0.738786567,0.775954229,0.813121891,0.838739552,0.864357214,0.889974876,0.915592537,0.941210199,0.950712189,0.960214179,0.969716169,0.979218159,0.988720149,0.990976119,0.99323209,0.99548806,0.99774403,1
0.028191791,0.056383582,0.084575373,0.112767164,0.140958955,0.191408458,0.24185796,0.292307463,0.342756965,0.393206468,0.440021891,0.486837313,0.533652736,0.580468159,0.627283582,0.664451244,0.701618905,0.738786567,0.775954229,0.813121891,0.838739552,0.864357214,0.889974876,0.915592537,0.941210199,0.950712189,0.960214179,0.969716169,0.979218159,0.988720149,0.990976119,0.99323209,0.99548806,0.99774403,1
0.028191791,0.056383582,0.084575373,0.112767164,0.140958955,0.191408458,0.24185796,0.292307463,0.342756965,0.393206468,0.440021891,0.486837313,0.533652736,0.580468159,0.627283582,0.664451244,0.701618905,0.738786567,0.775954229,0.813121891,0.838739552,0.864357214,0.889974876,0.915592537,0.941210199,0.950712189,0.960214179,0.969716169,0.979218159,0.988720149,0.990976119,0.99323209,0.99548806,0.99774403,1
0.028191791,0.056383582,0.084575373,0.112767164,0.140958955,0.191408458,0.24185796,0.292307463,0.342756965,0.393206468,0.440021891,0.486837313,0.533652736,0.580468159,0.627283582,0.664451244,0.701618905,0.738786567,0.775954229,0.813121891,0.838739552,0.864357214,0.889974876,0.915592537,0.941210199,0.950712189,0.960214179,0.969716169,0.979218159,0.988720149,0.990976119,0.99323209,0.99548806,0.99774403,1
0.028191791,0.056383582,0.084575373,0.112767164,0.140958955,0.191408458,0.24185796,0.292307463,0.342756965,0.393206468,0.440021891,0.486837313,0.533652736,0.580468159,0.627283582,0.664451244,0.701618905,0.738786567,0.775954229,0.813121891,0.838739552,0.864357214,0.889974876,0.915592537,0.941210199,0.950712189,0.960214179,0.969716169,0.979218159,0.988720149,0.990976119,0.99323209,0.99548806,0.99774403,1
0.028191791,0.056383582,0.084575373,0.112767164,0.140958955,0.191408458,0.24185796,0.292307463,0.342756965,0.393206468,0.440021891,0.486837313,0.533652736,0.580468159,0.627283582,0.664451244,0.701618905,0.738786567,0.775954229,0.813121891,0.838739552,0.864357214,0.889974876,0.915592537,0.941210199,0.950712189,0.960214179,0.969716169,0.979218159,0.988720149,0.990976119,0.99323209,0.99548806,0.99774403,1
0.028191791,0.056383582,0.084575373,0.112767164,0.140958955,0.191408458,0.24185796,0.292307463,0.342756965,0.393206468,0.440021891,0.486837313,0.533652736,0.580468159,0.627283582,0.664451244,0.701618905,0.738786567,0.775954229,0.813121891,0.838739552,0.864357214,0.889974876,0.915592537,0.941210199,0.950712189,0.960214179,0.969716169,0.979218159,0.988720149,0.990976119,0.99323209,0.99548806,0.99774403,1
0.028191791,0.056383582,0.084575373,0.112767164,0.140958955,0.191408458,0.24185796,0.292307463,0.342756965,0.393206468,0.440021891,0.486837313,0.533652736,0.580468159,0.627283582,0.664451244,0.701618905,0.738786567,0.775954229,0.813121891,0.838739552,0.864357214,0.889974876,0.915592537,0.941210199,0.950712189,0.960214179,0.969716169,0.979218159,0.988720149,0.990976119,0.99323209,0.99548806,0.99774403,1
0.028191791,0.056383582,0.084575373,0.112767164,0.140958955,0.191408458,0.24185796,0.292307463,0.342756965,0.393206468,0.440021891,0.486837313,0.533652736,0.580468159,0.627283582,0.664451244,0.701618905,0.738786567,0.775954229,0.813121891,0.838739552,0.864357214,0.889974876,0.915592537,0.941210199,0.950712189,0.960214179,0.969716169,0.979218159,0.988720149,0.990976119,0.99323209,0.99548806,0.99774403,1
0.028191791,0.056383582,0.084575373,0.112767164,0.140958955,0.191408458,0.24185796,0.292307463,0.342756965,0.393206468,0.440021891,0.486837313,0.533652736,0.580468159,0.627283582,0.664451244,0.701618905,0.738786567,0.775954229,0.813121891,0.838739552,0.864357214,0.889974876,0.915592537,0.941210199,0.950712189,0.960214179,0.969716169,0.979218159,0.988720149,0.990976119,0.99323209,0.99548806,0.99774403,1
0.028191791,0.056383582,0.084575373,0.112767164,0.140958955,0.191408458,0.24185796,0.292307463,0.342756965,0.393206468,0.440021891,0.486837313,0.533652736,0.580468159,0.627283582,0.664451244,0.701618905,0.738786567,0.775954229,0.813121891,0.838739552,0.864357214,0.889974876,0.915592537,0.941210199,0.950712189,0.960214179,0.969716169,0.979218159,0.988720149,0.990976119,0.99323209,0.99548806,0.99774403,1
0.028191791,0.056383582,0.084575373,0.112767164,0.140958955,0.191408458,0.24185796,0.292307463,0.342756965,0.393206468,0.440021891,0.486837313,0.533652736,0.580468159,0.627283582,0.664451244,0.701618905,0.738786567,0.775954229,0.813121891,0.838739552,0.864357214,0.889974876,0.915592537,0.941210199,0.950712189,0.960214179,0.969716169,0.979218159,0.988720149,0.990976119,0.99323209,0.99548806,0.99774403,1
0.028191791,0.056383582,0.084575373,0.112767164,0.140958955,0.191408458,0.24185796,0.292307463,0.342756965,0.393206468,0.440021891,0.486837313,0.533652736,0.580468159,0.627283582,0.664451244,0.701618905,0.738786567,0.775954229,0.813121891,0.838739552,0.864357214,0.889974876,0.915592537,0.941210199,0.950712189,0.960214179,0.969716169,0.979218159,0.988720149,0.990976119,0.99323209,0.99548806,0.99774403,1
0.028191791,0.056383582,0.084575373,0.112767164,0.140958955,0.191408458,0.24185796,0.292307463,0.342756965,0.393206468,0.440021891,0.486837313,0.533652736,0.580468159,0.627283582,0.664451244,0.701618905,0.738786567,0.775954229,0.813121891,0.838739552,0.864357214,0.889974876,0.915592537,0.941210199,0.950712189,0.960214179,0.969716169,0.979218159,0.988720149,0.990976119,0.99323209,0.99548806,0.99774403,1
0.028191791,0.056383582,0.084575373,0.112767164,0.140958955,0.191408458,0.24185796,0.292307463,0.342756965,0.393206468,0.440021891,0.486837313,0.533652736,0.580468159,0.627283582,0.664451244,0.701618905,0.738786567,0.775954229,0.813121891,0.838739552,0.864357214,0.889974876,0.915592537,0.941210199,0.950712189,0.960214179,0.969716169,0.979218159,0.988720149,0.990976119,0.99323209,0.99548806,0.99774403,1
0.028191791,0.056383582,0.084575373,0.112767164,0.140958955,0.191408458,0.24185796,0.292307463,0.342756965,0.393206468,0.440021891,0.486837313,0.533652736,0.580468159,0.627283582,0.664451244,0.701618905,0.738786567,0.775954229,0.813121891,0.838739552,0.864357214,0.889974876,0.915592537,0.941210199,0.950712189,0.960214179,0.969716169,0.979218159,0.988720149,0.990976119,0.99323209,0.99548806,0.99774403,1
0.028191791,0.056383582,0.084575373,0.112767164,0.140958955,0.191408458,0.24185796,0.292307463,0.342756965,0.393206468,0.440021891,0.486837313,0.533652736,0.580468159,0.627283582,0.664451244,0.701618905,0.738786567,0.775954229,0.813121891,0.838739552,0.864357214,0.889974876,0.915592537,0.941210199,0.950712189,0.960214179,0.969716169,0.979218159,0.988720149,0.990976119,0.99323209,0.99548806,0.99774403,1
0.028191791,0.056383582,0.084575373,0.112767164,0.140958955,0.191408458,0.24185796,0.292307463,0.342756965,0.393206468,0.440021891,0.486837313,0.533652736,0.580468159,0.627283582,0.664451244,0.701618905,0.738786567,0.775954229,0.813121891,0.838739552,0.864357214,0.889974876,0.915592537,0.941210199,0.950712189,0.960214179,0.969716169,0.979218159,0.988720149,0.990976119,0.99323209,0.99548806,0.99774403,1
0.028191791,0.056383582,0.084575373,0.112767164,0.140958955,0.191408458,0.24185796,0.292307463,0.342756965,0.393206468,0.440021891,0.486837313,0.533652736,0.580468159,0.627283582,0.664451244,0.701618905,0.738786567,0.775954229,0.813121891,0.838739552,0.864357214,0.889974876,0.915592537,0.941210199,0.950712189,0.960214179,0.969716169,0.979218159,0.988720149,0.990976119,0.99323209,0.99548806,0.99774403,1
0.028191791,0.056383582,0.084575373,0.112767164,0.140958955,0.191408458,0.24185796,0.292307463,0.342756965,0.393206468,0.440021891,0.486837313,0.533652736,0.580468159,0.627283582,0.664451244,0.701618905,0.738786567,0.775954229,0.813121891,0.838739552,0.864357214,0.889974876,0.915592537,0.941210199,0.950712189,0.960214179,0.969716169,0.979218159,0.988720149,0.990976119,0.99323209,0.99548806,0.99774403,1
0.028191791,0.056383582,0.084575373,0.112767164,0.140958955,0.191408458,0.24185796,0.292307463,0.342756965,0.393206468,0.440021891,0.486837313,0.533652736,0.580468159,0.627283582,0.664451244,0.701618905,0.738786567,0.775954229,0.813121891,0.838739552,0.864357214,0.889974876,0.915592537,0.941210199,0.950712189,0.960214179,0.969716169,0.979218159,0.988720149,0.990976119,0.99323209,0.99548806,0.99774403,1
0.028191791,0.056383582,0.084575373,0.112767164,0.140958955,0.191408458,0.24185796,0.292307463,0.342756965,0.393206468,0.440021891,0.486837313,0.533652736,0.580468159,0.627283582,0.664451244,0.701618905,0.738786567,0.775954229,0.813121891,0.838739552,0.864357214,0.889974876,0.915592537,0.941210199,0.950712189,0.960214179,0.969716169,0.979218159,0.988720149,0.990976119,0.99323209,0.99548806,0.99774403,1
0.028191791,0.056383582,0.084575373,0.112767164,0.140958955,0.191408458,0.24185796,0.292307463,0.342756965,0.393206468,0.440021891,0.486837313,0.533652736,0.580468159,0.627283582,0.664451244,0.701618905,0.738786567,0.775954229,0.813121891,0.838739552,0.864357214,0.889974876,0.915592537,0.941210199,0.950712189,0.960214179,0.969716169,0.979218159,0.988720149,0.990976119,0.99323209,0.99548806,0.99774403,1
0.028191791,0.056383582,0.084575373,0.112767164,0.140958955,0.191408458,0.24185796,0.292307463,0.342756965,0.393206468,0.440021891,0.486837313,0.533652736,0.580468159,0.627283582,0.664451244,0.701618905,0.738786567,0.775954229,0.813121891,0.838739552,0.864357214,0.889974876,0.915592537,0.941210199,0.950712189,0.960214179,0.969716169,0.979218159,0.988720149,0.990976119,0.99323209,0.99548806,0.99774403,1
0.028191791,0.056383582,0.084575373,0.112767164,0.140958955,0.191408458,0.24185796,0.292307463,0.342756965,0.393206468,0.440021891,0.486837313,0.533652736,0.580468159,0.627283582,0.664451244,0.701618905,0.738786567,0.775954229,0.813121891,0.838739552,0.864357214,0.889974876,0.915592537,0.941210199,0.950712189,0.960214179,0.969716169,0.979218159,0.988720149,0.990976119,0.99323209,0.99548806,0.99774403,1
0.028191791,0.056383582,0.084575373,0.112767164,0.140958955,0.191408458,0.24185796,0.292307463,0.342756965,0.393206468,0.440021891,0.486837313,0.533652736,0.580468159,0.627283582,0.664451244,0.701618905,0.738786567,0.775954229,0.813121891,0.838739552,0.864357214,0.889974876,0.915592537,0.941210199,0.950712189,0.960214179,0.969716169,0.979218159,0.988720149,0.990976119,0.99323209,0.99548806,0.99774403,1
0.028191791,0.056383582,0.084575373,0.112767164,0.140958955,0.191408458,0.24185796,0.292307463,0.342756965,0.393206468,0.440021891,0.486837313,0.533652736,0.580468159,0.627283582,0.664451244,0.701618905,0.738786567,0.775954229,0.813121891,0.838739552,0.864357214,0.889974876,0.915592537,0.941210199,0.950712189,0.960214179,0.969716169,0.979218159,0.988720149,0.990976119,0.99323209,0.99548806,0.99774403,1
0.028191791,0.056383582,0.084575373,0.112767164,0.140958955,0.191408458,0.24185796,0.292307463,0.342756965,0.393206468,0.440021891,0.486837313,0.533652736,0.580468159,0.627283582,0.664451244,0.701618905,0.738786567,0.775954229,0.813121891,0.838739552,0.864357214,0.889974876,0.915592537,0.941210199,0.950712189,0.960214179,0.969716169,0.979218159,0.988720149,0.990976119,0.99323209,0.99548806,0.99774403,1
0.028191791,0.056383582,0.084575373,0.112767164,0.140958955,0.191408458,0.24185796,0.292307463,0.342756965,0.393206468,0.440021891,0.486837313,0.533652736,0.580468159,0.627283582,0.664451244,0.701618905,0.738786567,0.775954229,0.813121891,0.838739552,0.864357214,0.889974876,0.915592537,0.941210199,0.950712189,0.960214179,0.969716169,0.979218159,0.988720149,0.990976119,0.99323209,0.99548806,0.99774403,1
0.028191791,0.056383582,0.084575373,0.112767164,0.140958955,0.191408458,0.24185796,0.292307463,0.342756965,0.393206468,0.440021891,0.486837313,0.533652736,0.580468159,0.627283582,0.664451244,0.701618905,0.738786567,0.775954229,0.813121891,0.838739552,0.864357214,0.889974876,0.915592537,0.941210199,0.950712189,0.960214179,0.969716169,0.979218159,0.988720149,0.990976119,0.99323209,0.99548806,0.99774403,1
0.028191791,0.056383582,0.084575373,0.112767164,0.140958955,0.191408458,0.24185796,0.292307463,0.342756965,0.393206468,0.440021891,0.486837313,0.533652736,0.580468159,0.627283582,0.664451244,0.701618905,0.738786567,0.775954229,0.813121891,0.838739552,0.864357214,0.889974876,0.915592537,0.941210199,0.950712189,0.960214179,0.969716169,0.979218159,0.988720149,0.990976119,0.99323209,0.99548806,0.99774403,1
0.028191791,0.056383582,0.084575373,0.112767164,0.140958955,0.191408458,0.24185796,0.292307463,0.342756965,0.393206468,0.440021891,0.486837313,0.533652736,0.580468159,0.627283582,0.664451244,0.701618905,0.738786567,0.775954229,0.813121891,0.838739552,0.864357214,0.889974876,0.915592537,0.941210199,0.950712189,0.960214179,0.969716169,0.979218159,0.988720149,0.990976119,0.99323209,0.99548806,0.99774403,1
0.028191791,0.056383582,0.084575373,0.112767164,0.140958955,0.191408458,0.24185796,0.292307463,0.342756965,0.393206468,0.440021891,0.486837313,0.533652736,0.580468159,0.627283582,0.664451244,0.701618905,0.738786567,0.775954229,0.813121891,0.838739552,0.864357214,0.889974876,0.915592537,0.941210199,0.950712189,0.960214179,0.969716169,0.979218159,0.988720149,0.990976119,0.99323209,0.99548806,0.99774403,1
0.028191791,0.056383582,0.084575373,0.112767164,0.140958955,0.191408458,0.24185796,0.292307463,0.342756965,0.393206468,0.440021891,0.486837313,0.533652736,0.580468159,0.627283582,0.664451244,0.701618905,0.738786567,0.775954229,0.813121891,0.838739552,0.864357214,0.889974876,0.915592537,0.941210199,0.950712189,0.960214179,0.969716169,0.979218159,0.988720149,0.990976119,0.99323209,0.99548806,0.99774403,1
0.028191791,0.056383582,0.084575373,0.112767164,0.140958955,0.191408458,0.24185796,0.292307463,0.342756965,0.393206468,0.440021891,0.486837313,0.533652736,0.580468159,0.627283582,0.664451244,0.701618905,0.738786567,0.775954229,0.813121891,0.838739552,0.864357214,0.889974876,0.915592537,0.941210199,0.950712189,0.960214179,0.969716169,0.979218159,0.988720149,0.990976119,0.99323209,0.99548806,0.99774403,1
0.028191791,0.056383582,0.084575373,0.112767164,0.140958955,0.191408458,0.24185796,0.292307463,0.342756965,0.393206468,0.440021891,0.486837313,0.533652736,0.580468159,0.627283582,0.664451244,0.701618905,0.738786567,0.775954229,0.813121891,0.838739552,0.864357214,0.889974876,0.915592537,0.941210199,0.950712189,0.960214179,0.969716169,0.979218159,0.988720149,0.990976119,0.99323209,0.99548806,0.99774403,1
0.028191791,0.056383582,0.084575373,0.112767164,0.140958955,0.191408458,0.24185796,0.292307463,0.342756965,0.393206468,0.440021891,0.486837313,0.533652736,0.580468159,0.627283582,0.664451244,0.701618905,0.738786567,0.775954229,0.813121891,0.838739552,0.864357214,0.889974876,0.915592537,0.941210199,0.950712189,0.960214179,0.969716169,0.979218159,0.988720149,0.990976119,0.99323209,0.99548806,0.99774403,1
0.028191791,0.056383582,0.084575373,0.112767164,0.140958955,0.191408458,0.24185796,0.292307463,0.342756965,0.393206468,0.440021891,0.486837313,0.533652736,0.580468159,0.627283582,0.664451244,0.701618905,0.738786567,0.775954229,0.813121891,0.838739552,0.864357214,0.889974876,0.915592537,0.941210199,0.950712189,0.960214179,0.969716169,0.979218159,0.988720149,0.990976119,0.99323209,0.99548806,0.99774403,1